teamID,yearID,R,RA,W,L,WPct
ANA,1997,829,794,84,78,0.5185
ANA,1998,787,783,85,77,0.5247
ANA,1999,711,826,70,92,0.4321
ANA,2000,864,869,82,80,0.5062
ANA,2001,691,730,75,87,0.4630
ANA,2002,851,644,99,63,0.6111
ANA,2003,736,743,77,85,0.4753
ANA,2004,836,734,92,70,0.5679
ARI,1998,665,812,65,97,0.4012
ARI,1999,908,676,100,62,0.6173
ARI,2000,792,754,85,77,0.5247
ARI,2001,818,677,92,70,0.5679
ARI,2002,819,674,98,64,0.6049
ARI,2003,717,685,84,78,0.5185
ARI,2004,615,899,51,111,0.3148
ARI,2005,696,856,77,85,0.4753
ARI,2006,773,788,76,86,0.4691
ARI,2007,712,732,90,72,0.5556
ARI,2008,720,706,82,80,0.5062
ARI,2009,720,782,70,92,0.4321
ARI,2010,713,836,65,97,0.4012
ARI,2011,731,662,94,68,0.5802
ARI,2012,734,688,81,81,0.5000
ARI,2013,685,695,81,81,0.5000
ATL,1966,782,683,85,77,0.5247
ATL,1967,631,640,77,85,0.4753
ATL,1968,514,549,81,81,0.5000
ATL,1969,691,631,93,69,0.5741
ATL,1970,736,772,76,86,0.4691
ATL,1971,643,699,82,80,0.5062
ATL,1972,628,730,70,84,0.4545
ATL,1973,799,774,76,85,0.4720
ATL,1974,661,563,88,74,0.5432
ATL,1975,583,739,67,94,0.4161
ATL,1976,620,700,70,92,0.4321
ATL,1977,678,895,61,101,0.3765
ATL,1978,600,750,69,93,0.4259
ATL,1979,669,763,66,94,0.4125
ATL,1980,630,660,81,80,0.5031
ATL,1981,395,416,50,56,0.4717
ATL,1982,739,702,89,73,0.5494
ATL,1983,746,640,88,74,0.5432
ATL,1984,632,655,80,82,0.4938
ATL,1985,632,781,66,96,0.4074
ATL,1986,615,719,72,89,0.4472
ATL,1987,747,829,69,92,0.4286
ATL,1988,555,741,54,106,0.3375
ATL,1989,584,680,63,97,0.3938
ATL,1990,682,821,65,97,0.4012
ATL,1991,749,644,94,68,0.5802
ATL,1992,682,569,98,64,0.6049
ATL,1993,767,559,104,58,0.6420
ATL,1994,542,448,68,46,0.5965
ATL,1995,645,540,90,54,0.6250
ATL,1996,773,648,96,66,0.5926
ATL,1997,791,581,101,61,0.6235
ATL,1998,826,581,106,56,0.6543
ATL,1999,840,661,103,59,0.6358
ATL,2000,810,714,95,67,0.5864
ATL,2001,729,643,88,74,0.5432
ATL,2002,708,565,101,59,0.6313
ATL,2003,907,740,101,61,0.6235
ATL,2004,803,668,96,66,0.5926
ATL,2005,769,674,90,72,0.5556
ATL,2006,849,805,79,83,0.4877
ATL,2007,810,733,84,78,0.5185
ATL,2008,753,778,72,90,0.4444
ATL,2009,735,641,86,76,0.5309
ATL,2010,738,629,91,71,0.5617
ATL,2011,641,605,89,73,0.5494
ATL,2012,700,600,94,68,0.5802
ATL,2013,688,548,96,66,0.5926
BAL,1955,540,754,57,97,0.3701
BAL,1956,571,705,69,85,0.4481
BAL,1957,597,588,76,76,0.5000
BAL,1958,521,575,74,79,0.4837
BAL,1959,551,621,74,80,0.4805
BAL,1960,682,606,89,65,0.5779
BAL,1961,691,588,95,67,0.5864
BAL,1962,652,680,77,85,0.4753
BAL,1963,644,621,86,76,0.5309
BAL,1964,679,567,97,65,0.5988
BAL,1965,641,578,94,68,0.5802
BAL,1966,755,601,97,63,0.6063
BAL,1967,654,592,76,85,0.4720
BAL,1968,579,497,91,71,0.5617
BAL,1969,779,517,109,53,0.6728
BAL,1970,792,574,108,54,0.6667
BAL,1971,742,530,101,57,0.6392
BAL,1972,519,430,80,74,0.5195
BAL,1973,754,561,97,65,0.5988
BAL,1974,659,612,91,71,0.5617
BAL,1975,682,553,90,69,0.5660
BAL,1976,619,598,88,74,0.5432
BAL,1977,719,653,97,64,0.6025
BAL,1978,659,633,90,71,0.5590
BAL,1979,757,582,102,57,0.6415
BAL,1980,805,640,100,62,0.6173
BAL,1981,429,437,59,46,0.5619
BAL,1982,774,687,94,68,0.5802
BAL,1983,799,652,98,64,0.6049
BAL,1984,681,667,85,77,0.5247
BAL,1985,818,764,83,78,0.5155
BAL,1986,708,760,73,89,0.4506
BAL,1987,729,880,67,95,0.4136
BAL,1988,550,789,54,107,0.3354
BAL,1989,708,686,87,75,0.5370
BAL,1990,669,698,76,85,0.4720
BAL,1991,686,796,67,95,0.4136
BAL,1992,705,656,89,73,0.5494
BAL,1993,786,745,85,77,0.5247
BAL,1994,589,497,63,49,0.5625
BAL,1995,704,640,71,73,0.4931
BAL,1996,949,903,88,74,0.5432
BAL,1997,812,681,98,64,0.6049
BAL,1998,817,785,79,83,0.4877
BAL,1999,851,815,78,84,0.4815
BAL,2000,794,913,74,88,0.4568
BAL,2001,687,829,63,98,0.3913
BAL,2002,667,773,67,95,0.4136
BAL,2003,743,820,71,91,0.4383
BAL,2004,842,830,78,84,0.4815
BAL,2005,729,800,74,88,0.4568
BAL,2006,768,899,70,92,0.4321
BAL,2007,756,868,69,93,0.4259
BAL,2008,782,869,68,93,0.4224
BAL,2009,741,876,64,98,0.3951
BAL,2010,613,785,66,96,0.4074
BAL,2011,708,860,69,93,0.4259
BAL,2012,712,705,93,69,0.5741
BAL,2013,745,709,85,77,0.5247
BOS,1955,755,652,84,70,0.5455
BOS,1956,780,751,84,70,0.5455
BOS,1957,721,668,82,72,0.5325
BOS,1958,697,691,79,75,0.5130
BOS,1959,726,696,75,79,0.4870
BOS,1960,658,775,65,89,0.4221
BOS,1961,729,792,76,86,0.4691
BOS,1962,707,756,76,84,0.4750
BOS,1963,666,704,76,85,0.4720
BOS,1964,688,793,72,90,0.4444
BOS,1965,669,791,62,100,0.3827
BOS,1966,655,731,72,90,0.4444
BOS,1967,722,614,92,70,0.5679
BOS,1968,614,611,86,76,0.5309
BOS,1969,743,736,87,75,0.5370
BOS,1970,786,722,87,75,0.5370
BOS,1971,691,667,85,77,0.5247
BOS,1972,640,620,85,70,0.5484
BOS,1973,738,647,89,73,0.5494
BOS,1974,696,661,84,78,0.5185
BOS,1975,796,709,95,65,0.5938
BOS,1976,716,660,83,79,0.5123
BOS,1977,859,712,97,64,0.6025
BOS,1978,796,657,99,64,0.6074
BOS,1979,841,711,91,69,0.5688
BOS,1980,757,767,83,77,0.5188
BOS,1981,519,481,59,49,0.5463
BOS,1982,753,713,89,73,0.5494
BOS,1983,724,775,78,84,0.4815
BOS,1984,810,764,86,76,0.5309
BOS,1985,800,720,81,81,0.5000
BOS,1986,794,696,95,66,0.5901
BOS,1987,842,825,78,84,0.4815
BOS,1988,813,689,89,73,0.5494
BOS,1989,774,735,83,79,0.5123
BOS,1990,699,664,88,74,0.5432
BOS,1991,731,712,84,78,0.5185
BOS,1992,599,669,73,89,0.4506
BOS,1993,686,698,80,82,0.4938
BOS,1994,552,621,54,61,0.4696
BOS,1995,791,698,86,58,0.5972
BOS,1996,928,921,85,77,0.5247
BOS,1997,851,857,78,84,0.4815
BOS,1998,876,729,92,70,0.5679
BOS,1999,836,718,94,68,0.5802
BOS,2000,792,745,85,77,0.5247
BOS,2001,772,745,82,79,0.5093
BOS,2002,859,665,93,69,0.5741
BOS,2003,961,809,95,67,0.5864
BOS,2004,949,768,98,64,0.6049
BOS,2005,910,805,95,67,0.5864
BOS,2006,820,825,86,76,0.5309
BOS,2007,867,657,96,66,0.5926
BOS,2008,845,694,95,67,0.5864
BOS,2009,872,736,95,67,0.5864
BOS,2010,818,744,89,73,0.5494
BOS,2011,875,737,90,72,0.5556
BOS,2012,734,806,69,93,0.4259
BOS,2013,853,656,97,65,0.5988
BRO,1955,857,650,98,55,0.6405
BRO,1956,720,601,93,61,0.6039
BRO,1957,690,591,84,70,0.5455
CAL,1965,527,569,75,87,0.4630
CAL,1966,604,643,80,82,0.4938
CAL,1967,567,587,84,77,0.5217
CAL,1968,498,615,67,95,0.4136
CAL,1969,528,652,71,91,0.4383
CAL,1970,631,630,86,76,0.5309
CAL,1971,511,576,76,86,0.4691
CAL,1972,454,533,75,80,0.4839
CAL,1973,629,657,79,83,0.4877
CAL,1974,618,657,68,94,0.4198
CAL,1975,628,723,72,89,0.4472
CAL,1976,550,631,76,86,0.4691
CAL,1977,675,695,74,88,0.4568
CAL,1978,691,666,87,75,0.5370
CAL,1979,866,768,88,74,0.5432
CAL,1980,698,797,65,95,0.4063
CAL,1981,476,453,51,59,0.4636
CAL,1982,814,670,93,69,0.5741
CAL,1983,722,779,70,92,0.4321
CAL,1984,696,697,81,81,0.5000
CAL,1985,732,703,90,72,0.5556
CAL,1986,786,684,92,70,0.5679
CAL,1987,770,803,75,87,0.4630
CAL,1988,714,771,75,87,0.4630
CAL,1989,669,578,91,71,0.5617
CAL,1990,690,706,80,82,0.4938
CAL,1991,653,649,81,81,0.5000
CAL,1992,579,671,72,90,0.4444
CAL,1993,684,770,71,91,0.4383
CAL,1994,543,660,47,68,0.4087
CAL,1995,801,697,78,67,0.5379
CAL,1996,762,943,70,91,0.4348
CHA,1955,725,557,91,63,0.5909
CHA,1956,776,634,85,69,0.5519
CHA,1957,707,566,90,64,0.5844
CHA,1958,634,615,82,72,0.5325
CHA,1959,669,588,94,60,0.6104
CHA,1960,741,617,87,67,0.5649
CHA,1961,765,726,86,76,0.5309
CHA,1962,707,658,85,77,0.5247
CHA,1963,683,544,94,68,0.5802
CHA,1964,642,501,98,64,0.6049
CHA,1965,647,555,95,67,0.5864
CHA,1966,574,517,83,79,0.5123
CHA,1967,531,491,89,73,0.5494
CHA,1968,463,527,67,95,0.4136
CHA,1969,625,723,68,94,0.4198
CHA,1970,633,822,56,106,0.3457
CHA,1971,617,597,79,83,0.4877
CHA,1972,566,538,87,67,0.5649
CHA,1973,652,705,77,85,0.4753
CHA,1974,684,721,80,80,0.5000
CHA,1975,655,703,75,86,0.4658
CHA,1976,586,745,64,97,0.3975
CHA,1977,844,771,90,72,0.5556
CHA,1978,634,731,71,90,0.4410
CHA,1979,730,748,73,87,0.4563
CHA,1980,587,722,70,90,0.4375
CHA,1981,476,423,54,52,0.5094
CHA,1982,786,710,87,75,0.5370
CHA,1983,800,650,99,63,0.6111
CHA,1984,679,736,74,88,0.4568
CHA,1985,736,720,85,77,0.5247
CHA,1986,644,699,72,90,0.4444
CHA,1987,748,746,77,85,0.4753
CHA,1988,631,757,71,90,0.4410
CHA,1989,693,750,69,92,0.4286
CHA,1990,682,633,94,68,0.5802
CHA,1991,758,681,87,75,0.5370
CHA,1992,738,690,86,76,0.5309
CHA,1993,776,664,94,68,0.5802
CHA,1994,633,498,67,46,0.5929
CHA,1995,755,758,68,76,0.4722
CHA,1996,898,794,85,77,0.5247
CHA,1997,779,833,80,81,0.4969
CHA,1998,861,931,80,82,0.4938
CHA,1999,777,870,75,86,0.4658
CHA,2000,978,839,95,67,0.5864
CHA,2001,798,795,83,79,0.5123
CHA,2002,856,798,81,81,0.5000
CHA,2003,791,715,86,76,0.5309
CHA,2004,865,831,83,79,0.5123
CHA,2005,741,645,99,63,0.6111
CHA,2006,868,794,90,72,0.5556
CHA,2007,693,839,72,90,0.4444
CHA,2008,811,729,89,74,0.5460
CHA,2009,724,732,79,83,0.4877
CHA,2010,752,704,88,74,0.5432
CHA,2011,654,706,79,83,0.4877
CHA,2012,748,676,85,77,0.5247
CHA,2013,602,689,66,96,0.4074
CHN,1955,626,713,72,81,0.4706
CHN,1956,597,708,60,94,0.3896
CHN,1957,628,722,62,92,0.4026
CHN,1958,709,725,72,82,0.4675
CHN,1959,673,688,74,80,0.4805
CHN,1960,634,776,60,94,0.3896
CHN,1961,689,800,64,90,0.4156
CHN,1962,632,827,59,103,0.3642
CHN,1963,570,578,82,80,0.5062
CHN,1964,649,724,76,86,0.4691
CHN,1965,635,723,72,90,0.4444
CHN,1966,644,809,59,103,0.3642
CHN,1967,702,624,87,74,0.5404
CHN,1968,612,611,84,78,0.5185
CHN,1969,720,611,92,70,0.5679
CHN,1970,806,679,84,78,0.5185
CHN,1971,637,648,83,79,0.5123
CHN,1972,685,567,85,70,0.5484
CHN,1973,614,655,77,84,0.4783
CHN,1974,669,826,66,96,0.4074
CHN,1975,712,827,75,87,0.4630
CHN,1976,611,728,75,87,0.4630
CHN,1977,692,739,81,81,0.5000
CHN,1978,664,724,79,83,0.4877
CHN,1979,706,707,80,82,0.4938
CHN,1980,614,728,64,98,0.3951
CHN,1981,370,483,38,65,0.3689
CHN,1982,676,709,73,89,0.4506
CHN,1983,701,719,71,91,0.4383
CHN,1984,762,658,96,65,0.5963
CHN,1985,686,729,77,84,0.4783
CHN,1986,680,781,70,90,0.4375
CHN,1987,720,801,76,85,0.4720
CHN,1988,660,694,77,85,0.4753
CHN,1989,702,623,93,69,0.5741
CHN,1990,690,774,77,85,0.4753
CHN,1991,695,734,77,83,0.4813
CHN,1992,593,624,78,84,0.4815
CHN,1993,738,739,84,78,0.5185
CHN,1994,500,549,49,64,0.4336
CHN,1995,693,671,73,71,0.5069
CHN,1996,772,771,76,86,0.4691
CHN,1997,687,759,68,94,0.4198
CHN,1998,831,792,90,73,0.5521
CHN,1999,747,920,67,95,0.4136
CHN,2000,764,904,65,97,0.4012
CHN,2001,777,701,88,74,0.5432
CHN,2002,706,759,67,95,0.4136
CHN,2003,724,683,88,74,0.5432
CHN,2004,789,665,89,73,0.5494
CHN,2005,703,714,79,83,0.4877
CHN,2006,716,834,66,96,0.4074
CHN,2007,752,690,85,77,0.5247
CHN,2008,855,671,97,64,0.6025
CHN,2009,707,672,83,78,0.5155
CHN,2010,685,767,75,87,0.4630
CHN,2011,654,756,71,91,0.4383
CHN,2012,613,759,61,101,0.3765
CHN,2013,598,723,63,99,0.3889
CIN,1955,761,684,75,79,0.4870
CIN,1956,775,658,91,63,0.5909
CIN,1957,747,781,80,74,0.5195
CIN,1958,695,621,76,78,0.4935
CIN,1959,764,738,74,80,0.4805
CIN,1960,640,692,67,87,0.4351
CIN,1961,710,653,93,61,0.6039
CIN,1962,802,685,98,64,0.6049
CIN,1963,648,594,86,76,0.5309
CIN,1964,660,566,92,70,0.5679
CIN,1965,825,704,89,73,0.5494
CIN,1966,692,702,76,84,0.4750
CIN,1967,604,563,87,75,0.5370
CIN,1968,690,673,83,79,0.5123
CIN,1969,798,768,89,73,0.5494
CIN,1970,775,681,102,60,0.6296
CIN,1971,586,581,79,83,0.4877
CIN,1972,707,557,95,59,0.6169
CIN,1973,741,621,99,63,0.6111
CIN,1974,776,631,98,64,0.6049
CIN,1975,840,586,108,54,0.6667
CIN,1976,857,633,102,60,0.6296
CIN,1977,802,725,88,74,0.5432
CIN,1978,710,688,92,69,0.5714
CIN,1979,731,644,90,71,0.5590
CIN,1980,707,670,89,73,0.5494
CIN,1981,464,440,66,42,0.6111
CIN,1982,545,661,61,101,0.3765
CIN,1983,623,710,74,88,0.4568
CIN,1984,627,747,70,92,0.4321
CIN,1985,677,666,89,72,0.5528
CIN,1986,732,717,86,76,0.5309
CIN,1987,783,752,84,78,0.5185
CIN,1988,641,596,87,74,0.5404
CIN,1989,632,691,75,87,0.4630
CIN,1990,693,597,91,71,0.5617
CIN,1991,689,691,74,88,0.4568
CIN,1992,660,609,90,72,0.5556
CIN,1993,722,785,73,89,0.4506
CIN,1994,609,490,66,48,0.5789
CIN,1995,747,623,85,59,0.5903
CIN,1996,778,773,81,81,0.5000
CIN,1997,651,764,76,86,0.4691
CIN,1998,750,760,77,85,0.4753
CIN,1999,865,711,96,67,0.5890
CIN,2000,825,765,85,77,0.5247
CIN,2001,735,850,66,96,0.4074
CIN,2002,709,774,78,84,0.4815
CIN,2003,694,886,69,93,0.4259
CIN,2004,750,907,76,86,0.4691
CIN,2005,820,889,73,89,0.4506
CIN,2006,749,801,80,82,0.4938
CIN,2007,783,853,72,90,0.4444
CIN,2008,704,800,74,88,0.4568
CIN,2009,673,723,78,84,0.4815
CIN,2010,790,685,91,71,0.5617
CIN,2011,735,720,79,83,0.4877
CIN,2012,669,588,97,65,0.5988
CIN,2013,698,589,90,72,0.5556
CLE,1955,698,601,93,61,0.6039
CLE,1956,712,581,88,66,0.5714
CLE,1957,682,722,76,77,0.4967
CLE,1958,694,635,77,76,0.5033
CLE,1959,745,646,89,65,0.5779
CLE,1960,667,693,76,78,0.4935
CLE,1961,737,752,78,83,0.4845
CLE,1962,682,745,80,82,0.4938
CLE,1963,635,702,79,83,0.4877
CLE,1964,689,693,79,83,0.4877
CLE,1965,663,613,87,75,0.5370
CLE,1966,574,586,81,81,0.5000
CLE,1967,559,613,75,87,0.4630
CLE,1968,516,504,86,75,0.5342
CLE,1969,573,717,62,99,0.3851
CLE,1970,649,675,76,86,0.4691
CLE,1971,543,747,60,102,0.3704
CLE,1972,472,519,72,84,0.4615
CLE,1973,680,826,71,91,0.4383
CLE,1974,662,694,77,85,0.4753
CLE,1975,688,703,79,80,0.4969
CLE,1976,615,615,81,78,0.5094
CLE,1977,676,739,71,90,0.4410
CLE,1978,639,694,69,90,0.4340
CLE,1979,760,805,81,80,0.5031
CLE,1980,738,807,79,81,0.4938
CLE,1981,431,442,52,51,0.5049
CLE,1982,683,748,78,84,0.4815
CLE,1983,704,785,70,92,0.4321
CLE,1984,761,766,75,87,0.4630
CLE,1985,729,861,60,102,0.3704
CLE,1986,831,841,84,78,0.5185
CLE,1987,742,957,61,101,0.3765
CLE,1988,666,731,78,84,0.4815
CLE,1989,604,654,73,89,0.4506
CLE,1990,732,737,77,85,0.4753
CLE,1991,576,759,57,105,0.3519
CLE,1992,674,746,76,86,0.4691
CLE,1993,790,813,76,86,0.4691
CLE,1994,679,562,66,47,0.5841
CLE,1995,840,607,100,44,0.6944
CLE,1996,952,769,99,62,0.6149
CLE,1997,868,815,86,75,0.5342
CLE,1998,850,779,89,73,0.5494
CLE,1999,1009,860,97,65,0.5988
CLE,2000,950,816,90,72,0.5556
CLE,2001,897,821,91,71,0.5617
CLE,2002,739,837,74,88,0.4568
CLE,2003,699,778,68,94,0.4198
CLE,2004,858,857,80,82,0.4938
CLE,2005,790,642,93,69,0.5741
CLE,2006,870,782,78,84,0.4815
CLE,2007,811,704,96,66,0.5926
CLE,2008,805,761,81,81,0.5000
CLE,2009,773,865,65,97,0.4012
CLE,2010,646,752,69,93,0.4259
CLE,2011,704,760,80,82,0.4938
CLE,2012,667,845,68,94,0.4198
CLE,2013,745,662,92,70,0.5679
COL,1993,758,967,67,95,0.4136
COL,1994,573,638,53,64,0.4530
COL,1995,785,783,77,67,0.5347
COL,1996,961,964,83,79,0.5123
COL,1997,923,908,83,79,0.5123
COL,1998,826,855,77,85,0.4753
COL,1999,906,1028,72,90,0.4444
COL,2000,968,897,82,80,0.5062
COL,2001,923,906,73,89,0.4506
COL,2002,778,898,73,89,0.4506
COL,2003,853,892,74,88,0.4568
COL,2004,833,923,68,94,0.4198
COL,2005,740,862,67,95,0.4136
COL,2006,813,812,76,86,0.4691
COL,2007,860,758,90,73,0.5521
COL,2008,747,822,74,88,0.4568
COL,2009,804,715,92,70,0.5679
COL,2010,770,717,83,79,0.5123
COL,2011,735,774,73,89,0.4506
COL,2012,758,890,64,98,0.3951
COL,2013,706,760,74,88,0.4568
DET,1955,775,658,79,75,0.5130
DET,1956,789,699,82,72,0.5325
DET,1957,614,614,78,76,0.5065
DET,1958,659,606,77,77,0.5000
DET,1959,713,732,76,78,0.4935
DET,1960,633,644,71,83,0.4610
DET,1961,841,671,101,61,0.6235
DET,1962,758,692,85,76,0.5280
DET,1963,700,703,79,83,0.4877
DET,1964,699,678,85,77,0.5247
DET,1965,680,602,89,73,0.5494
DET,1966,719,698,88,74,0.5432
DET,1967,683,587,91,71,0.5617
DET,1968,671,492,103,59,0.6358
DET,1969,701,601,90,72,0.5556
DET,1970,666,731,79,83,0.4877
DET,1971,701,645,91,71,0.5617
DET,1972,558,514,86,70,0.5513
DET,1973,642,674,85,77,0.5247
DET,1974,620,768,72,90,0.4444
DET,1975,570,786,57,102,0.3585
DET,1976,609,709,74,87,0.4596
DET,1977,714,751,74,88,0.4568
DET,1978,714,653,86,76,0.5309
DET,1979,770,738,85,76,0.5280
DET,1980,830,757,84,78,0.5185
DET,1981,427,404,60,49,0.5505
DET,1982,729,685,83,79,0.5123
DET,1983,789,679,92,70,0.5679
DET,1984,829,643,104,58,0.6420
DET,1985,729,688,84,77,0.5217
DET,1986,798,714,87,75,0.5370
DET,1987,896,735,98,64,0.6049
DET,1988,703,658,88,74,0.5432
DET,1989,617,816,59,103,0.3642
DET,1990,750,754,79,83,0.4877
DET,1991,817,794,84,78,0.5185
DET,1992,791,794,75,87,0.4630
DET,1993,899,837,85,77,0.5247
DET,1994,652,671,53,62,0.4609
DET,1995,654,844,60,84,0.4167
DET,1996,783,1103,53,109,0.3272
DET,1997,784,790,79,83,0.4877
DET,1998,722,863,65,97,0.4012
DET,1999,747,882,69,92,0.4286
DET,2000,823,827,79,83,0.4877
DET,2001,724,876,66,96,0.4074
DET,2002,575,864,55,106,0.3416
DET,2003,591,928,43,119,0.2654
DET,2004,827,844,72,90,0.4444
DET,2005,723,787,71,91,0.4383
DET,2006,822,675,95,67,0.5864
DET,2007,887,797,88,74,0.5432
DET,2008,821,857,74,88,0.4568
DET,2009,743,745,86,77,0.5276
DET,2010,751,743,81,81,0.5000
DET,2011,787,711,95,67,0.5864
DET,2012,726,670,88,74,0.5432
DET,2013,796,624,93,69,0.5741
FLO,1993,581,724,64,98,0.3951
FLO,1994,468,576,51,64,0.4435
FLO,1995,673,673,67,76,0.4685
FLO,1996,688,703,80,82,0.4938
FLO,1997,740,669,92,70,0.5679
FLO,1998,667,923,54,108,0.3333
FLO,1999,691,852,64,98,0.3951
FLO,2000,731,797,79,82,0.4907
FLO,2001,742,744,76,86,0.4691
FLO,2002,699,763,79,83,0.4877
FLO,2003,751,692,91,71,0.5617
FLO,2004,718,700,83,79,0.5123
FLO,2005,717,732,83,79,0.5123
FLO,2006,758,772,78,84,0.4815
FLO,2007,790,891,71,91,0.4383
FLO,2008,770,767,84,77,0.5217
FLO,2009,772,766,87,75,0.5370
FLO,2010,719,717,80,82,0.4938
FLO,2011,625,702,72,90,0.4444
HOU,1962,592,717,64,96,0.4000
HOU,1963,464,640,66,96,0.4074
HOU,1964,495,628,66,96,0.4074
HOU,1965,569,711,65,97,0.4012
HOU,1966,612,695,72,90,0.4444
HOU,1967,626,742,69,93,0.4259
HOU,1968,510,588,72,90,0.4444
HOU,1969,676,668,81,81,0.5000
HOU,1970,744,763,79,83,0.4877
HOU,1971,585,567,79,83,0.4877
HOU,1972,708,636,84,69,0.5490
HOU,1973,681,672,82,80,0.5062
HOU,1974,653,632,81,81,0.5000
HOU,1975,664,711,64,97,0.3975
HOU,1976,625,657,80,82,0.4938
HOU,1977,680,650,81,81,0.5000
HOU,1978,605,634,74,88,0.4568
HOU,1979,583,582,89,73,0.5494
HOU,1980,637,589,93,70,0.5706
HOU,1981,394,331,61,49,0.5545
HOU,1982,569,620,77,85,0.4753
HOU,1983,643,646,85,77,0.5247
HOU,1984,693,630,80,82,0.4938
HOU,1985,706,691,83,79,0.5123
HOU,1986,654,569,96,66,0.5926
HOU,1987,648,678,76,86,0.4691
HOU,1988,617,631,82,80,0.5062
HOU,1989,647,669,86,76,0.5309
HOU,1990,573,656,75,87,0.4630
HOU,1991,605,717,65,97,0.4012
HOU,1992,608,668,81,81,0.5000
HOU,1993,716,630,85,77,0.5247
HOU,1994,602,503,66,49,0.5739
HOU,1995,747,674,76,68,0.5278
HOU,1996,753,792,82,80,0.5062
HOU,1997,777,660,84,78,0.5185
HOU,1998,874,620,102,60,0.6296
HOU,1999,823,675,97,65,0.5988
HOU,2000,938,944,72,90,0.4444
HOU,2001,847,769,93,69,0.5741
HOU,2002,749,695,84,78,0.5185
HOU,2003,805,677,87,75,0.5370
HOU,2004,803,698,92,70,0.5679
HOU,2005,693,609,89,73,0.5494
HOU,2006,735,719,82,80,0.5062
HOU,2007,723,813,73,89,0.4506
HOU,2008,712,743,86,75,0.5342
HOU,2009,643,770,74,88,0.4568
HOU,2010,611,729,76,86,0.4691
HOU,2011,615,796,56,106,0.3457
HOU,2012,583,794,55,107,0.3395
HOU,2013,610,848,51,111,0.3148
KC1,1955,638,911,63,91,0.4091
KC1,1956,619,831,52,102,0.3377
KC1,1957,563,710,59,94,0.3856
KC1,1958,642,713,73,81,0.4740
KC1,1959,681,760,66,88,0.4286
KC1,1960,615,756,58,96,0.3766
KC1,1961,683,863,61,100,0.3789
KC1,1962,745,837,72,90,0.4444
KC1,1963,615,704,73,89,0.4506
KC1,1964,621,836,57,105,0.3519
KC1,1965,585,755,59,103,0.3642
KC1,1966,564,648,74,86,0.4625
KC1,1967,533,660,62,99,0.3851
KCA,1969,586,688,69,93,0.4259
KCA,1970,611,705,65,97,0.4012
KCA,1971,603,566,85,76,0.5280
KCA,1972,580,545,76,78,0.4935
KCA,1973,755,752,88,74,0.5432
KCA,1974,667,662,77,85,0.4753
KCA,1975,710,649,91,71,0.5617
KCA,1976,713,611,90,72,0.5556
KCA,1977,822,651,102,60,0.6296
KCA,1978,743,634,92,70,0.5679
KCA,1979,851,816,85,77,0.5247
KCA,1980,809,694,97,65,0.5988
KCA,1981,397,405,50,53,0.4854
KCA,1982,784,717,90,72,0.5556
KCA,1983,696,767,79,83,0.4877
KCA,1984,673,686,84,78,0.5185
KCA,1985,687,639,91,71,0.5617
KCA,1986,654,673,76,86,0.4691
KCA,1987,715,691,83,79,0.5123
KCA,1988,704,648,84,77,0.5217
KCA,1989,690,635,92,70,0.5679
KCA,1990,707,709,75,86,0.4658
KCA,1991,727,722,82,80,0.5062
KCA,1992,610,667,72,90,0.4444
KCA,1993,675,694,84,78,0.5185
KCA,1994,574,532,64,51,0.5565
KCA,1995,629,691,70,74,0.4861
KCA,1996,746,786,75,86,0.4658
KCA,1997,747,820,67,94,0.4161
KCA,1998,714,899,72,89,0.4472
KCA,1999,856,921,64,97,0.3975
KCA,2000,879,930,77,85,0.4753
KCA,2001,729,858,65,97,0.4012
KCA,2002,737,891,62,100,0.3827
KCA,2003,836,867,83,79,0.5123
KCA,2004,720,905,58,104,0.3580
KCA,2005,701,935,56,106,0.3457
KCA,2006,757,971,62,100,0.3827
KCA,2007,706,778,69,93,0.4259
KCA,2008,691,781,75,87,0.4630
KCA,2009,686,842,65,97,0.4012
KCA,2010,676,845,67,95,0.4136
KCA,2011,730,762,71,91,0.4383
KCA,2012,676,746,72,90,0.4444
KCA,2013,648,601,86,76,0.5309
LAA,1961,744,784,70,91,0.4348
LAA,1962,718,706,86,76,0.5309
LAA,1963,597,660,70,91,0.4348
LAA,1964,544,551,82,80,0.5062
LAA,2005,761,643,95,67,0.5864
LAA,2006,766,732,89,73,0.5494
LAA,2007,822,731,94,68,0.5802
LAA,2008,765,697,100,62,0.6173
LAA,2009,883,761,97,65,0.5988
LAA,2010,681,702,80,82,0.4938
LAA,2011,667,633,86,76,0.5309
LAA,2012,767,699,89,73,0.5494
LAA,2013,733,737,78,84,0.4815
LAN,1958,668,761,71,83,0.4610
LAN,1959,705,670,88,68,0.5641
LAN,1960,662,593,82,72,0.5325
LAN,1961,735,697,89,65,0.5779
LAN,1962,842,697,102,63,0.6182
LAN,1963,640,550,99,63,0.6111
LAN,1964,614,572,80,82,0.4938
LAN,1965,608,521,97,65,0.5988
LAN,1966,606,490,95,67,0.5864
LAN,1967,519,595,73,89,0.4506
LAN,1968,470,509,76,86,0.4691
LAN,1969,645,561,85,77,0.5247
LAN,1970,749,684,87,74,0.5404
LAN,1971,663,587,89,73,0.5494
LAN,1972,584,527,85,70,0.5484
LAN,1973,675,565,95,66,0.5901
LAN,1974,798,561,102,60,0.6296
LAN,1975,648,534,88,74,0.5432
LAN,1976,608,543,92,70,0.5679
LAN,1977,769,582,98,64,0.6049
LAN,1978,727,573,95,67,0.5864
LAN,1979,739,717,79,83,0.4877
LAN,1980,663,591,92,71,0.5644
LAN,1981,450,356,63,47,0.5727
LAN,1982,691,612,88,74,0.5432
LAN,1983,654,609,91,71,0.5617
LAN,1984,580,600,79,83,0.4877
LAN,1985,682,579,95,67,0.5864
LAN,1986,638,679,73,89,0.4506
LAN,1987,635,675,73,89,0.4506
LAN,1988,628,544,94,67,0.5839
LAN,1989,554,536,77,83,0.4813
LAN,1990,728,685,86,76,0.5309
LAN,1991,665,565,93,69,0.5741
LAN,1992,548,636,63,99,0.3889
LAN,1993,675,662,81,81,0.5000
LAN,1994,532,509,58,56,0.5088
LAN,1995,634,609,78,66,0.5417
LAN,1996,703,652,90,72,0.5556
LAN,1997,742,645,88,74,0.5432
LAN,1998,669,678,83,79,0.5123
LAN,1999,793,787,77,85,0.4753
LAN,2000,798,729,86,76,0.5309
LAN,2001,758,744,86,76,0.5309
LAN,2002,713,643,92,70,0.5679
LAN,2003,574,556,85,77,0.5247
LAN,2004,761,684,93,69,0.5741
LAN,2005,685,755,71,91,0.4383
LAN,2006,820,751,88,74,0.5432
LAN,2007,735,727,82,80,0.5062
LAN,2008,700,648,84,78,0.5185
LAN,2009,780,611,95,67,0.5864
LAN,2010,667,692,80,82,0.4938
LAN,2011,644,612,82,79,0.5093
LAN,2012,637,597,86,76,0.5309
LAN,2013,649,582,92,70,0.5679
MIA,2012,609,724,69,93,0.4259
MIA,2013,513,646,62,100,0.3827
MIL,1998,707,812,74,88,0.4568
MIL,1999,815,886,74,87,0.4596
MIL,2000,740,826,73,89,0.4506
MIL,2001,740,806,68,94,0.4198
MIL,2002,627,821,56,106,0.3457
MIL,2003,714,873,68,94,0.4198
MIL,2004,634,757,67,94,0.4161
MIL,2005,726,697,81,81,0.5000
MIL,2006,730,833,75,87,0.4630
MIL,2007,801,776,83,79,0.5123
MIL,2008,750,689,90,72,0.5556
MIL,2009,785,818,80,82,0.4938
MIL,2010,750,804,77,85,0.4753
MIL,2011,721,638,96,66,0.5926
MIL,2012,776,733,83,79,0.5123
MIL,2013,640,687,74,88,0.4568
MIN,1961,707,778,70,90,0.4375
MIN,1962,798,713,91,71,0.5617
MIN,1963,767,602,91,70,0.5652
MIN,1964,737,678,79,83,0.4877
MIN,1965,774,600,102,60,0.6296
MIN,1966,663,581,89,73,0.5494
MIN,1967,671,590,91,71,0.5617
MIN,1968,562,546,79,83,0.4877
MIN,1969,790,618,97,65,0.5988
MIN,1970,744,605,98,64,0.6049
MIN,1971,654,670,74,86,0.4625
MIN,1972,537,535,77,77,0.5000
MIN,1973,738,692,81,81,0.5000
MIN,1974,673,669,82,80,0.5062
MIN,1975,724,736,76,83,0.4780
MIN,1976,743,704,85,77,0.5247
MIN,1977,867,776,84,77,0.5217
MIN,1978,666,678,73,89,0.4506
MIN,1979,764,725,82,80,0.5062
MIN,1980,670,724,77,84,0.4783
MIN,1981,378,486,41,68,0.3761
MIN,1982,657,819,60,102,0.3704
MIN,1983,709,822,70,92,0.4321
MIN,1984,673,675,81,81,0.5000
MIN,1985,705,782,77,85,0.4753
MIN,1986,741,839,71,91,0.4383
MIN,1987,786,806,85,77,0.5247
MIN,1988,759,672,91,71,0.5617
MIN,1989,740,738,80,82,0.4938
MIN,1990,666,729,74,88,0.4568
MIN,1991,776,652,95,67,0.5864
MIN,1992,747,653,90,72,0.5556
MIN,1993,693,830,71,91,0.4383
MIN,1994,594,688,53,60,0.4690
MIN,1995,703,889,56,88,0.3889
MIN,1996,877,900,78,84,0.4815
MIN,1997,772,861,68,94,0.4198
MIN,1998,734,818,70,92,0.4321
MIN,1999,686,845,63,97,0.3938
MIN,2000,748,880,69,93,0.4259
MIN,2001,771,766,85,77,0.5247
MIN,2002,768,712,94,67,0.5839
MIN,2003,801,758,90,72,0.5556
MIN,2004,780,715,92,70,0.5679
MIN,2005,688,662,83,79,0.5123
MIN,2006,801,683,96,66,0.5926
MIN,2007,718,725,79,83,0.4877
MIN,2008,829,745,88,75,0.5399
MIN,2009,817,765,87,76,0.5337
MIN,2010,781,671,94,68,0.5802
MIN,2011,619,804,63,99,0.3889
MIN,2012,701,832,66,96,0.4074
MIN,2013,614,788,66,96,0.4074
ML1,1955,743,668,85,69,0.5519
ML1,1956,709,569,92,62,0.5974
ML1,1957,772,613,95,59,0.6169
ML1,1958,675,541,92,62,0.5974
ML1,1959,724,623,86,70,0.5513
ML1,1960,724,658,88,66,0.5714
ML1,1961,712,656,83,71,0.5390
ML1,1962,730,665,86,76,0.5309
ML1,1963,677,603,84,78,0.5185
ML1,1964,803,744,88,74,0.5432
ML1,1965,708,633,86,76,0.5309
ML4,1970,613,751,65,97,0.4012
ML4,1971,534,609,69,92,0.4286
ML4,1972,493,595,65,91,0.4167
ML4,1973,708,731,74,88,0.4568
ML4,1974,647,660,76,86,0.4691
ML4,1975,675,792,68,94,0.4198
ML4,1976,570,655,66,95,0.4099
ML4,1977,639,765,67,95,0.4136
ML4,1978,804,650,93,69,0.5741
ML4,1979,807,722,95,66,0.5901
ML4,1980,811,682,86,76,0.5309
ML4,1981,493,459,62,47,0.5688
ML4,1982,891,717,95,67,0.5864
ML4,1983,764,708,87,75,0.5370
ML4,1984,641,734,67,94,0.4161
ML4,1985,690,802,71,90,0.4410
ML4,1986,667,734,77,84,0.4783
ML4,1987,862,817,91,71,0.5617
ML4,1988,682,616,87,75,0.5370
ML4,1989,707,679,81,81,0.5000
ML4,1990,732,760,74,88,0.4568
ML4,1991,799,744,83,79,0.5123
ML4,1992,740,604,92,70,0.5679
ML4,1993,733,792,69,93,0.4259
ML4,1994,547,586,53,62,0.4609
ML4,1995,740,747,65,79,0.4514
ML4,1996,894,899,80,82,0.4938
ML4,1997,681,742,78,83,0.4845
MON,1969,582,791,52,110,0.3210
MON,1970,687,807,73,89,0.4506
MON,1971,622,729,71,90,0.4410
MON,1972,513,609,70,86,0.4487
MON,1973,668,702,79,83,0.4877
MON,1974,662,657,79,82,0.4907
MON,1975,601,690,75,87,0.4630
MON,1976,531,734,55,107,0.3395
MON,1977,665,736,75,87,0.4630
MON,1978,633,611,76,86,0.4691
MON,1979,701,581,95,65,0.5938
MON,1980,694,629,90,72,0.5556
MON,1981,443,394,60,48,0.5556
MON,1982,697,616,86,76,0.5309
MON,1983,677,646,82,80,0.5062
MON,1984,593,585,78,83,0.4845
MON,1985,633,636,84,77,0.5217
MON,1986,637,688,78,83,0.4845
MON,1987,741,720,91,71,0.5617
MON,1988,628,592,81,81,0.5000
MON,1989,632,630,81,81,0.5000
MON,1990,662,598,85,77,0.5247
MON,1991,579,655,71,90,0.4410
MON,1992,648,581,87,75,0.5370
MON,1993,732,682,94,68,0.5802
MON,1994,585,454,74,40,0.6491
MON,1995,621,638,66,78,0.4583
MON,1996,741,668,88,74,0.5432
MON,1997,691,740,78,84,0.4815
MON,1998,644,783,65,97,0.4012
MON,1999,718,853,68,94,0.4198
MON,2000,738,902,67,95,0.4136
MON,2001,670,812,68,94,0.4198
MON,2002,735,718,83,79,0.5123
MON,2003,711,716,83,79,0.5123
MON,2004,635,769,67,95,0.4136
NY1,1955,702,673,80,74,0.5195
NY1,1956,540,650,67,87,0.4351
NY1,1957,643,701,69,85,0.4481
NYA,1955,762,569,96,58,0.6234
NYA,1956,857,631,97,57,0.6299
NYA,1957,723,534,98,56,0.6364
NYA,1958,759,577,92,62,0.5974
NYA,1959,687,647,79,75,0.5130
NYA,1960,746,627,97,57,0.6299
NYA,1961,827,612,109,53,0.6728
NYA,1962,817,680,96,66,0.5926
NYA,1963,714,547,104,57,0.6460
NYA,1964,730,577,99,63,0.6111
NYA,1965,611,604,77,85,0.4753
NYA,1966,611,612,70,89,0.4403
NYA,1967,522,621,72,90,0.4444
NYA,1968,536,531,83,79,0.5123
NYA,1969,562,587,80,81,0.4969
NYA,1970,680,612,93,69,0.5741
NYA,1971,648,641,82,80,0.5062
NYA,1972,557,527,79,76,0.5097
NYA,1973,641,610,80,82,0.4938
NYA,1974,671,623,89,73,0.5494
NYA,1975,681,588,83,77,0.5188
NYA,1976,730,575,97,62,0.6101
NYA,1977,831,651,100,62,0.6173
NYA,1978,735,582,100,63,0.6135
NYA,1979,734,672,89,71,0.5563
NYA,1980,820,662,103,59,0.6358
NYA,1981,421,343,59,48,0.5514
NYA,1982,709,716,79,83,0.4877
NYA,1983,770,703,91,71,0.5617
NYA,1984,758,679,87,75,0.5370
NYA,1985,839,660,97,64,0.6025
NYA,1986,797,738,90,72,0.5556
NYA,1987,788,758,89,73,0.5494
NYA,1988,772,748,85,76,0.5280
NYA,1989,698,792,74,87,0.4596
NYA,1990,603,749,67,95,0.4136
NYA,1991,674,777,71,91,0.4383
NYA,1992,733,746,76,86,0.4691
NYA,1993,821,761,88,74,0.5432
NYA,1994,670,534,70,43,0.6195
NYA,1995,749,688,79,65,0.5486
NYA,1996,871,787,92,70,0.5679
NYA,1997,891,688,96,66,0.5926
NYA,1998,965,656,114,48,0.7037
NYA,1999,900,731,98,64,0.6049
NYA,2000,871,814,87,74,0.5404
NYA,2001,804,713,95,65,0.5938
NYA,2002,897,697,103,58,0.6398
NYA,2003,877,716,101,61,0.6235
NYA,2004,897,808,101,61,0.6235
NYA,2005,886,789,95,67,0.5864
NYA,2006,930,767,97,65,0.5988
NYA,2007,968,777,94,68,0.5802
NYA,2008,789,727,89,73,0.5494
NYA,2009,915,753,103,59,0.6358
NYA,2010,859,693,95,67,0.5864
NYA,2011,867,657,97,65,0.5988
NYA,2012,804,668,95,67,0.5864
NYA,2013,650,671,85,77,0.5247
NYN,1962,617,948,40,120,0.2500
NYN,1963,501,774,51,111,0.3148
NYN,1964,569,776,53,109,0.3272
NYN,1965,495,752,50,112,0.3086
NYN,1966,587,761,66,95,0.4099
NYN,1967,498,672,61,101,0.3765
NYN,1968,473,499,73,89,0.4506
NYN,1969,632,541,100,62,0.6173
NYN,1970,695,630,83,79,0.5123
NYN,1971,588,550,83,79,0.5123
NYN,1972,528,578,83,73,0.5321
NYN,1973,608,588,82,79,0.5093
NYN,1974,572,646,71,91,0.4383
NYN,1975,646,625,82,80,0.5062
NYN,1976,615,538,86,76,0.5309
NYN,1977,587,663,64,98,0.3951
NYN,1978,607,690,66,96,0.4074
NYN,1979,593,706,63,99,0.3889
NYN,1980,611,702,67,95,0.4136
NYN,1981,348,432,41,62,0.3981
NYN,1982,609,723,65,97,0.4012
NYN,1983,575,680,68,94,0.4198
NYN,1984,652,676,90,72,0.5556
NYN,1985,695,568,98,64,0.6049
NYN,1986,783,578,108,54,0.6667
NYN,1987,823,698,92,70,0.5679
NYN,1988,703,532,100,60,0.6250
NYN,1989,683,595,87,75,0.5370
NYN,1990,775,613,91,71,0.5617
NYN,1991,640,646,77,84,0.4783
NYN,1992,599,653,72,90,0.4444
NYN,1993,672,744,59,103,0.3642
NYN,1994,506,526,55,58,0.4867
NYN,1995,657,618,69,75,0.4792
NYN,1996,746,779,71,91,0.4383
NYN,1997,777,709,88,74,0.5432
NYN,1998,706,645,88,74,0.5432
NYN,1999,853,711,97,66,0.5951
NYN,2000,807,738,94,68,0.5802
NYN,2001,642,713,82,80,0.5062
NYN,2002,690,703,75,86,0.4658
NYN,2003,642,754,66,95,0.4099
NYN,2004,684,731,71,91,0.4383
NYN,2005,722,648,83,79,0.5123
NYN,2006,834,731,97,65,0.5988
NYN,2007,804,750,88,74,0.5432
NYN,2008,799,715,89,73,0.5494
NYN,2009,671,757,70,92,0.4321
NYN,2010,656,652,79,83,0.4877
NYN,2011,718,742,77,85,0.4753
NYN,2012,650,709,74,88,0.4568
NYN,2013,619,684,74,88,0.4568
OAK,1968,569,544,82,80,0.5062
OAK,1969,740,678,88,74,0.5432
OAK,1970,678,593,89,73,0.5494
OAK,1971,691,564,101,60,0.6273
OAK,1972,604,457,93,62,0.6000
OAK,1973,758,615,94,68,0.5802
OAK,1974,689,551,90,72,0.5556
OAK,1975,758,606,98,64,0.6049
OAK,1976,686,598,87,74,0.5404
OAK,1977,605,749,63,98,0.3913
OAK,1978,532,690,69,93,0.4259
OAK,1979,573,860,54,108,0.3333
OAK,1980,686,642,83,79,0.5123
OAK,1981,458,403,64,45,0.5872
OAK,1982,691,819,68,94,0.4198
OAK,1983,708,782,74,88,0.4568
OAK,1984,738,796,77,85,0.4753
OAK,1985,757,787,77,85,0.4753
OAK,1986,731,760,76,86,0.4691
OAK,1987,806,789,81,81,0.5000
OAK,1988,800,620,104,58,0.6420
OAK,1989,712,576,99,63,0.6111
OAK,1990,733,570,103,59,0.6358
OAK,1991,760,776,84,78,0.5185
OAK,1992,745,672,96,66,0.5926
OAK,1993,715,846,68,94,0.4198
OAK,1994,549,589,51,63,0.4474
OAK,1995,730,761,67,77,0.4653
OAK,1996,861,900,78,84,0.4815
OAK,1997,764,946,65,97,0.4012
OAK,1998,804,866,74,88,0.4568
OAK,1999,893,846,87,75,0.5370
OAK,2000,947,813,91,70,0.5652
OAK,2001,884,645,102,60,0.6296
OAK,2002,800,654,103,59,0.6358
OAK,2003,768,643,96,66,0.5926
OAK,2004,793,742,91,71,0.5617
OAK,2005,772,658,88,74,0.5432
OAK,2006,771,727,93,69,0.5741
OAK,2007,741,758,76,86,0.4691
OAK,2008,646,690,75,86,0.4658
OAK,2009,759,761,75,87,0.4630
OAK,2010,663,626,81,81,0.5000
OAK,2011,645,679,74,88,0.4568
OAK,2012,713,614,94,68,0.5802
OAK,2013,767,625,96,66,0.5926
PHI,1955,675,666,77,77,0.5000
PHI,1956,668,738,71,83,0.4610
PHI,1957,623,656,77,77,0.5000
PHI,1958,664,762,69,85,0.4481
PHI,1959,599,725,64,90,0.4156
PHI,1960,546,691,59,95,0.3831
PHI,1961,584,796,47,107,0.3052
PHI,1962,705,759,81,80,0.5031
PHI,1963,642,578,87,75,0.5370
PHI,1964,693,632,92,70,0.5679
PHI,1965,654,667,85,76,0.5280
PHI,1966,696,640,87,75,0.5370
PHI,1967,612,581,82,80,0.5062
PHI,1968,543,615,76,86,0.4691
PHI,1969,645,745,63,99,0.3889
PHI,1970,594,730,73,88,0.4534
PHI,1971,558,688,67,95,0.4136
PHI,1972,503,635,59,97,0.3782
PHI,1973,642,717,71,91,0.4383
PHI,1974,676,701,80,82,0.4938
PHI,1975,735,694,86,76,0.5309
PHI,1976,770,557,101,61,0.6235
PHI,1977,847,668,101,61,0.6235
PHI,1978,708,586,90,72,0.5556
PHI,1979,683,718,84,78,0.5185
PHI,1980,728,639,91,71,0.5617
PHI,1981,491,472,59,48,0.5514
PHI,1982,664,654,89,73,0.5494
PHI,1983,696,635,90,72,0.5556
PHI,1984,720,690,81,81,0.5000
PHI,1985,667,673,75,87,0.4630
PHI,1986,739,713,86,75,0.5342
PHI,1987,702,749,80,82,0.4938
PHI,1988,597,734,65,96,0.4037
PHI,1989,629,735,67,95,0.4136
PHI,1990,646,729,77,85,0.4753
PHI,1991,629,680,78,84,0.4815
PHI,1992,686,717,70,92,0.4321
PHI,1993,877,740,97,65,0.5988
PHI,1994,521,497,54,61,0.4696
PHI,1995,615,658,69,75,0.4792
PHI,1996,650,790,67,95,0.4136
PHI,1997,668,840,68,94,0.4198
PHI,1998,713,808,75,87,0.4630
PHI,1999,841,846,77,85,0.4753
PHI,2000,708,830,65,97,0.4012
PHI,2001,746,719,86,76,0.5309
PHI,2002,710,724,80,81,0.4969
PHI,2003,791,697,86,76,0.5309
PHI,2004,840,781,86,76,0.5309
PHI,2005,807,726,88,74,0.5432
PHI,2006,865,812,85,77,0.5247
PHI,2007,892,821,89,73,0.5494
PHI,2008,799,680,92,70,0.5679
PHI,2009,820,709,93,69,0.5741
PHI,2010,772,640,97,65,0.5988
PHI,2011,713,529,102,60,0.6296
PHI,2012,684,680,81,81,0.5000
PHI,2013,610,749,73,89,0.4506
PIT,1955,560,767,60,94,0.3896
PIT,1956,588,653,66,88,0.4286
PIT,1957,586,696,62,92,0.4026
PIT,1958,662,607,84,70,0.5455
PIT,1959,651,680,78,76,0.5065
PIT,1960,734,593,95,59,0.6169
PIT,1961,694,675,75,79,0.4870
PIT,1962,706,626,93,68,0.5776
PIT,1963,567,595,74,88,0.4568
PIT,1964,663,636,80,82,0.4938
PIT,1965,675,580,90,72,0.5556
PIT,1966,759,641,92,70,0.5679
PIT,1967,679,693,81,81,0.5000
PIT,1968,583,532,80,82,0.4938
PIT,1969,725,652,88,74,0.5432
PIT,1970,729,664,89,73,0.5494
PIT,1971,788,599,97,65,0.5988
PIT,1972,691,512,96,59,0.6194
PIT,1973,704,693,80,82,0.4938
PIT,1974,751,657,88,74,0.5432
PIT,1975,712,565,92,69,0.5714
PIT,1976,708,630,92,70,0.5679
PIT,1977,734,665,96,66,0.5926
PIT,1978,684,637,88,73,0.5466
PIT,1979,775,643,98,64,0.6049
PIT,1980,666,646,83,79,0.5123
PIT,1981,407,425,46,56,0.4510
PIT,1982,724,696,84,78,0.5185
PIT,1983,659,648,84,78,0.5185
PIT,1984,615,567,75,87,0.4630
PIT,1985,568,708,57,104,0.3540
PIT,1986,663,700,64,98,0.3951
PIT,1987,723,744,80,82,0.4938
PIT,1988,651,616,85,75,0.5313
PIT,1989,637,680,74,88,0.4568
PIT,1990,733,619,95,67,0.5864
PIT,1991,768,632,98,64,0.6049
PIT,1992,693,595,96,66,0.5926
PIT,1993,707,806,75,87,0.4630
PIT,1994,466,580,53,61,0.4649
PIT,1995,629,736,58,86,0.4028
PIT,1996,776,833,73,89,0.4506
PIT,1997,725,760,79,83,0.4877
PIT,1998,650,718,69,93,0.4259
PIT,1999,775,782,78,83,0.4845
PIT,2000,793,888,69,93,0.4259
PIT,2001,657,858,62,100,0.3827
PIT,2002,641,730,72,89,0.4472
PIT,2003,753,801,75,87,0.4630
PIT,2004,680,744,72,89,0.4472
PIT,2005,680,769,67,95,0.4136
PIT,2006,691,797,67,95,0.4136
PIT,2007,724,846,68,94,0.4198
PIT,2008,735,884,67,95,0.4136
PIT,2009,636,768,62,99,0.3851
PIT,2010,587,866,57,105,0.3519
PIT,2011,610,712,72,90,0.4444
PIT,2012,651,674,79,83,0.4877
PIT,2013,634,577,94,68,0.5802
SDN,1969,468,746,52,110,0.3210
SDN,1970,681,788,63,99,0.3889
SDN,1971,486,610,61,100,0.3789
SDN,1972,488,665,58,95,0.3791
SDN,1973,548,770,60,102,0.3704
SDN,1974,541,830,60,102,0.3704
SDN,1975,552,683,71,91,0.4383
SDN,1976,570,662,73,89,0.4506
SDN,1977,692,834,69,93,0.4259
SDN,1978,591,598,84,78,0.5185
SDN,1979,603,681,68,93,0.4224
SDN,1980,591,654,73,89,0.4506
SDN,1981,382,455,41,69,0.3727
SDN,1982,675,658,81,81,0.5000
SDN,1983,653,653,81,81,0.5000
SDN,1984,686,634,92,70,0.5679
SDN,1985,650,622,83,79,0.5123
SDN,1986,656,723,74,88,0.4568
SDN,1987,668,763,65,97,0.4012
SDN,1988,594,583,83,78,0.5155
SDN,1989,642,626,89,73,0.5494
SDN,1990,673,673,75,87,0.4630
SDN,1991,636,646,84,78,0.5185
SDN,1992,617,636,82,80,0.5062
SDN,1993,679,772,61,101,0.3765
SDN,1994,479,531,47,70,0.4017
SDN,1995,668,672,70,74,0.4861
SDN,1996,771,682,91,71,0.5617
SDN,1997,795,891,76,86,0.4691
SDN,1998,749,635,98,64,0.6049
SDN,1999,710,781,74,88,0.4568
SDN,2000,752,815,76,86,0.4691
SDN,2001,789,812,79,83,0.4877
SDN,2002,662,815,66,96,0.4074
SDN,2003,678,831,64,98,0.3951
SDN,2004,768,705,87,75,0.5370
SDN,2005,684,726,82,80,0.5062
SDN,2006,731,679,88,74,0.5432
SDN,2007,741,666,89,74,0.5460
SDN,2008,637,764,63,99,0.3889
SDN,2009,638,769,75,87,0.4630
SDN,2010,665,581,90,72,0.5556
SDN,2011,593,611,71,91,0.4383
SDN,2012,651,710,76,86,0.4691
SDN,2013,618,700,76,86,0.4691
SE1,1969,639,799,64,98,0.3951
SEA,1977,624,855,64,98,0.3951
SEA,1978,614,834,56,104,0.3500
SEA,1979,711,820,67,95,0.4136
SEA,1980,610,793,59,103,0.3642
SEA,1981,426,521,44,65,0.4037
SEA,1982,651,712,76,86,0.4691
SEA,1983,558,740,60,102,0.3704
SEA,1984,682,774,74,88,0.4568
SEA,1985,719,818,74,88,0.4568
SEA,1986,718,835,67,95,0.4136
SEA,1987,760,801,78,84,0.4815
SEA,1988,664,744,68,93,0.4224
SEA,1989,694,728,73,89,0.4506
SEA,1990,640,680,77,85,0.4753
SEA,1991,702,674,83,79,0.5123
SEA,1992,679,799,64,98,0.3951
SEA,1993,734,731,82,80,0.5062
SEA,1994,569,616,49,63,0.4375
SEA,1995,796,708,79,66,0.5448
SEA,1996,993,895,85,76,0.5280
SEA,1997,925,833,90,72,0.5556
SEA,1998,859,855,76,85,0.4720
SEA,1999,859,905,79,83,0.4877
SEA,2000,907,780,91,71,0.5617
SEA,2001,927,627,116,46,0.7160
SEA,2002,814,699,93,69,0.5741
SEA,2003,795,637,93,69,0.5741
SEA,2004,698,823,63,99,0.3889
SEA,2005,699,751,69,93,0.4259
SEA,2006,756,792,78,84,0.4815
SEA,2007,794,813,88,74,0.5432
SEA,2008,671,811,61,101,0.3765
SEA,2009,640,692,85,77,0.5247
SEA,2010,513,698,61,101,0.3765
SEA,2011,556,675,67,95,0.4136
SEA,2012,619,651,75,87,0.4630
SEA,2013,624,754,71,91,0.4383
SFN,1958,727,698,80,74,0.5195
SFN,1959,705,613,83,71,0.5390
SFN,1960,671,631,79,75,0.5130
SFN,1961,773,655,85,69,0.5519
SFN,1962,878,690,103,62,0.6242
SFN,1963,725,641,88,74,0.5432
SFN,1964,656,587,90,72,0.5556
SFN,1965,682,593,95,67,0.5864
SFN,1966,675,626,93,68,0.5776
SFN,1967,652,551,91,71,0.5617
SFN,1968,599,529,88,74,0.5432
SFN,1969,713,636,90,72,0.5556
SFN,1970,831,826,86,76,0.5309
SFN,1971,706,644,90,72,0.5556
SFN,1972,662,649,69,86,0.4452
SFN,1973,739,702,88,74,0.5432
SFN,1974,634,723,72,90,0.4444
SFN,1975,659,671,80,81,0.4969
SFN,1976,595,686,74,88,0.4568
SFN,1977,673,711,75,87,0.4630
SFN,1978,613,594,89,73,0.5494
SFN,1979,672,751,71,91,0.4383
SFN,1980,573,634,75,86,0.4658
SFN,1981,427,414,56,55,0.5045
SFN,1982,673,687,87,75,0.5370
SFN,1983,687,697,79,83,0.4877
SFN,1984,682,807,66,96,0.4074
SFN,1985,556,674,62,100,0.3827
SFN,1986,698,618,83,79,0.5123
SFN,1987,783,669,90,72,0.5556
SFN,1988,670,626,83,79,0.5123
SFN,1989,699,600,92,70,0.5679
SFN,1990,719,710,85,77,0.5247
SFN,1991,649,697,75,87,0.4630
SFN,1992,574,647,72,90,0.4444
SFN,1993,808,636,103,59,0.6358
SFN,1994,504,500,55,60,0.4783
SFN,1995,652,776,67,77,0.4653
SFN,1996,752,862,68,94,0.4198
SFN,1997,784,793,90,72,0.5556
SFN,1998,845,739,89,74,0.5460
SFN,1999,872,831,86,76,0.5309
SFN,2000,925,747,97,65,0.5988
SFN,2001,799,748,90,72,0.5556
SFN,2002,783,616,95,66,0.5901
SFN,2003,755,638,100,61,0.6211
SFN,2004,850,770,91,71,0.5617
SFN,2005,649,745,75,87,0.4630
SFN,2006,746,790,76,85,0.4720
SFN,2007,683,720,71,91,0.4383
SFN,2008,640,759,72,90,0.4444
SFN,2009,657,611,88,74,0.5432
SFN,2010,697,583,92,70,0.5679
SFN,2011,570,578,86,76,0.5309
SFN,2012,718,649,94,68,0.5802
SFN,2013,629,691,76,86,0.4691
SLN,1955,654,757,68,86,0.4416
SLN,1956,678,698,76,78,0.4935
SLN,1957,737,666,87,67,0.5649
SLN,1958,619,704,72,82,0.4675
SLN,1959,641,725,71,83,0.4610
SLN,1960,639,616,86,68,0.5584
SLN,1961,703,668,80,74,0.5195
SLN,1962,774,664,84,78,0.5185
SLN,1963,747,628,93,69,0.5741
SLN,1964,715,652,93,69,0.5741
SLN,1965,707,674,80,81,0.4969
SLN,1966,571,577,83,79,0.5123
SLN,1967,695,557,101,60,0.6273
SLN,1968,583,472,97,65,0.5988
SLN,1969,595,540,87,75,0.5370
SLN,1970,744,747,76,86,0.4691
SLN,1971,739,699,90,72,0.5556
SLN,1972,568,600,75,81,0.4808
SLN,1973,643,603,81,81,0.5000
SLN,1974,677,643,86,75,0.5342
SLN,1975,662,689,82,80,0.5062
SLN,1976,629,671,72,90,0.4444
SLN,1977,737,688,83,79,0.5123
SLN,1978,600,657,69,93,0.4259
SLN,1979,731,693,86,76,0.5309
SLN,1980,738,710,74,88,0.4568
SLN,1981,464,417,59,43,0.5784
SLN,1982,685,609,92,70,0.5679
SLN,1983,679,710,79,83,0.4877
SLN,1984,652,645,84,78,0.5185
SLN,1985,747,572,101,61,0.6235
SLN,1986,601,611,79,82,0.4907
SLN,1987,798,693,95,67,0.5864
SLN,1988,578,633,76,86,0.4691
SLN,1989,632,608,86,76,0.5309
SLN,1990,599,698,70,92,0.4321
SLN,1991,651,648,84,78,0.5185
SLN,1992,631,604,83,79,0.5123
SLN,1993,758,744,87,75,0.5370
SLN,1994,535,621,53,61,0.4649
SLN,1995,563,658,62,81,0.4336
SLN,1996,759,706,88,74,0.5432
SLN,1997,689,708,73,89,0.4506
SLN,1998,810,782,83,79,0.5123
SLN,1999,809,838,75,86,0.4658
SLN,2000,887,771,95,67,0.5864
SLN,2001,814,684,93,69,0.5741
SLN,2002,787,648,97,65,0.5988
SLN,2003,876,796,85,77,0.5247
SLN,2004,855,659,105,57,0.6481
SLN,2005,805,634,100,62,0.6173
SLN,2006,781,762,83,78,0.5155
SLN,2007,725,829,78,84,0.4815
SLN,2008,779,725,86,76,0.5309
SLN,2009,730,640,91,71,0.5617
SLN,2010,736,641,86,76,0.5309
SLN,2011,762,692,90,72,0.5556
SLN,2012,765,648,88,74,0.5432
SLN,2013,783,596,97,65,0.5988
TBA,1998,620,751,63,99,0.3889
TBA,1999,772,913,69,93,0.4259
TBA,2000,733,842,69,92,0.4286
TBA,2001,672,887,62,100,0.3827
TBA,2002,673,918,55,106,0.3416
TBA,2003,715,852,63,99,0.3889
TBA,2004,714,842,70,91,0.4348
TBA,2005,750,936,67,95,0.4136
TBA,2006,689,856,61,101,0.3765
TBA,2007,782,944,66,96,0.4074
TBA,2008,774,671,97,65,0.5988
TBA,2009,803,754,84,78,0.5185
TBA,2010,802,649,96,66,0.5926
TBA,2011,707,614,91,71,0.5617
TBA,2012,697,577,90,72,0.5556
TBA,2013,700,646,92,71,0.5644
TEX,1972,461,628,54,100,0.3506
TEX,1973,619,844,57,105,0.3519
TEX,1974,690,698,84,76,0.5250
TEX,1975,714,733,79,83,0.4877
TEX,1976,616,652,76,86,0.4691
TEX,1977,767,657,94,68,0.5802
TEX,1978,692,632,87,75,0.5370
TEX,1979,750,698,83,79,0.5123
TEX,1980,756,752,76,85,0.4720
TEX,1981,452,389,57,48,0.5429
TEX,1982,590,749,64,98,0.3951
TEX,1983,639,609,77,85,0.4753
TEX,1984,656,714,69,92,0.4286
TEX,1985,617,785,62,99,0.3851
TEX,1986,771,743,87,75,0.5370
TEX,1987,823,849,75,87,0.4630
TEX,1988,637,735,70,91,0.4348
TEX,1989,695,714,83,79,0.5123
TEX,1990,676,696,83,79,0.5123
TEX,1991,829,814,85,77,0.5247
TEX,1992,682,753,77,85,0.4753
TEX,1993,835,751,86,76,0.5309
TEX,1994,613,697,52,62,0.4561
TEX,1995,691,720,74,70,0.5139
TEX,1996,928,799,90,72,0.5556
TEX,1997,807,823,77,85,0.4753
TEX,1998,940,871,88,74,0.5432
TEX,1999,945,859,95,67,0.5864
TEX,2000,848,974,71,91,0.4383
TEX,2001,890,968,73,89,0.4506
TEX,2002,843,882,72,90,0.4444
TEX,2003,826,969,71,91,0.4383
TEX,2004,860,794,89,73,0.5494
TEX,2005,865,858,79,83,0.4877
TEX,2006,835,784,80,82,0.4938
TEX,2007,816,844,75,87,0.4630
TEX,2008,901,967,79,83,0.4877
TEX,2009,784,740,87,75,0.5370
TEX,2010,787,687,90,72,0.5556
TEX,2011,855,677,96,66,0.5926
TEX,2012,808,707,93,69,0.5741
TEX,2013,730,636,91,72,0.5583
TOR,1977,605,822,54,107,0.3354
TOR,1978,590,775,59,102,0.3665
TOR,1979,613,862,53,109,0.3272
TOR,1980,624,762,67,95,0.4136
TOR,1981,329,466,37,69,0.3491
TOR,1982,651,701,78,84,0.4815
TOR,1983,795,726,89,73,0.5494
TOR,1984,750,696,89,73,0.5494
TOR,1985,759,588,99,62,0.6149
TOR,1986,809,733,86,76,0.5309
TOR,1987,845,655,96,66,0.5926
TOR,1988,763,680,87,75,0.5370
TOR,1989,731,651,89,73,0.5494
TOR,1990,767,661,86,76,0.5309
TOR,1991,684,622,91,71,0.5617
TOR,1992,780,682,96,66,0.5926
TOR,1993,847,742,95,67,0.5864
TOR,1994,566,579,55,60,0.4783
TOR,1995,642,777,56,88,0.3889
TOR,1996,766,809,74,88,0.4568
TOR,1997,654,694,76,86,0.4691
TOR,1998,816,768,88,74,0.5432
TOR,1999,883,862,84,78,0.5185
TOR,2000,861,908,83,79,0.5123
TOR,2001,767,753,80,82,0.4938
TOR,2002,813,828,78,84,0.4815
TOR,2003,894,826,86,76,0.5309
TOR,2004,719,823,67,94,0.4161
TOR,2005,775,705,80,82,0.4938
TOR,2006,809,754,87,75,0.5370
TOR,2007,753,699,83,79,0.5123
TOR,2008,714,610,86,76,0.5309
TOR,2009,798,771,75,87,0.4630
TOR,2010,755,728,85,77,0.5247
TOR,2011,743,761,81,81,0.5000
TOR,2012,716,784,73,89,0.4506
TOR,2013,712,756,74,88,0.4568
WAS,2005,639,673,81,81,0.5000
WAS,2006,746,872,71,91,0.4383
WAS,2007,673,783,73,89,0.4506
WAS,2008,641,825,59,102,0.3665
WAS,2009,710,874,59,103,0.3642
WAS,2010,655,742,69,93,0.4259
WAS,2011,624,643,80,81,0.4969
WAS,2012,731,594,98,64,0.6049
WAS,2013,656,626,86,76,0.5309
WS1,1955,598,789,53,101,0.3442
WS1,1956,652,924,59,95,0.3831
WS1,1957,603,808,55,99,0.3571
WS1,1958,553,747,61,93,0.3961
WS1,1959,619,701,63,91,0.4091
WS1,1960,672,696,73,81,0.4740
WS2,1961,618,776,61,100,0.3789
WS2,1962,599,716,60,101,0.3727
WS2,1963,578,812,56,106,0.3457
WS2,1964,578,733,62,100,0.3827
WS2,1965,591,721,70,92,0.4321
WS2,1966,557,659,71,88,0.4465
WS2,1967,550,637,76,85,0.4720
WS2,1968,524,665,65,96,0.4037
WS2,1969,694,644,86,76,0.5309
WS2,1970,626,689,70,92,0.4321
WS2,1971,537,660,63,96,0.3962
